epoch;loss;val_loss
0;0.6019724011421204;0.5214094519615173
0;0.7263635396957397;0.802112340927124
0;0.6536008715629578;0.9880419373512268
1;0.2880907356739044;1.4740569591522217
0;0.8097859025001526;0.548527181148529
